Age,Income,Education_Years,Experience_Years,Department,Performance_Score,Satisfaction_Rating,City
40,90221.7865834108,11,-1,Sales,89.2230677165812,1,Los Angeles
33,86265.83530781437,13,3,Marketing,95.14819127083692,2,Phoenix
42,72858.09257380408,11,5,Finance,105.55960740584113,2,New York
53,60663.5827106836,13,17,Finance,150.75629078543076,5,New York
32,72154.01987222536,8,10,IT,98.76365265216111,4,Chicago
32,81786.97777619735,14,1,IT,70.37456854669918,5,Chicago
53,92894.61601005212,14,10,Sales,78.20812980755736,3,Houston
44,90657.56308393479,11,0,Marketing,101.60030367508939,2,Phoenix
29,93318.51859579871,15,13,HR,79.04938745144575,3,Chicago
41,76279.06205848204,16,5,IT,76.95613009413464,5,Houston
29,79621.42175160463,9,7,HR,109.3325454356843,4,Phoenix
29,80265.43727482257,11,14,HR,119.40936575633216,5,New York
37,94520.5002147442,11,1,Marketing,47.034855352669034,4,Houston
12,65654.11508916365,11,1,Sales,80.38170571569198,4,Phoenix
14,107634.83228106971,16,5,Marketing,64.90086304839,1,Houston
28,78365.39703824076,13,13,IT,59.4653315334668,2,Chicago
22,64727.406356189116,13,0,HR,77.82818816539091,5,Los Angeles
38,50235.44936722469,7,-6,Marketing,34.65733456240724,4,New York
24,68953.43782774119,15,5,Marketing,113.47726476944267,5,Chicago
18,80545.08997622367,10,10,Marketing,75.83921326499815,5,Chicago
52,85902.21622143943,14,14,IT,93.32740235332523,4,Phoenix
32,67856.71626501501,14,5,Sales,93.66088022531608,3,Houston
35,87851.67086926555,18,5,Marketing,79.86014895505194,2,New York
17,102640.60679528421,10,13,IT,92.04604070920033,2,Chicago
28,79948.48980181127,4,-1,HR,86.77973717470101,1,Phoenix
36,96849.83617432338,14,6,Finance,107.59590051175634,1,New York
21,92273.83406503854,19,8,IT,82.6630394836796,1,Houston
39,86435.8127675717,17,10,Finance,104.2122536208691,2,Chicago
27,84634.71307988655,14,5,Marketing,100.38112914603238,3,Chicago
31,63421.90996799487,12,8,Marketing,70.54891414357004,2,Chicago
27,74201.51259001934,16,-4,IT,84.66826901696678,2,New York
57,42612.36518698984,11,4,Finance,120.31308507046755,2,New York
34,94454.97501778111,15,10,Marketing,79.31140724713993,2,New York
22,89861.31497589465,15,3,HR,113.92432428988903,3,New York
44,72935.45713193383,17,8,Sales,97.5205095074819,1,Phoenix
20,117638.22993954888,22,10,Sales,88.24082067841078,5,Los Angeles
37,65864.44782420676,15,6,Marketing,87.86937302933146,1,Phoenix
11,55140.649066628655,12,8,Finance,105.3081838772557,1,Chicago
19,84238.08859383185,13,3,Marketing,91.29254968773613,5,Phoenix
37,75458.69502548492,8,6,Finance,79.77409433729842,2,Houston
43,102004.66118024226,11,11,HR,108.08152888383985,3,New York
37,66221.44217671016,12,8,Finance,81.4073317424109,3,Houston
33,90625.71633498881,12,5,Marketing,53.29389448506244,1,Houston
31,83469.84542571328,14,9,HR,103.83309233872245,5,Chicago
17,72924.21886724417,11,11,IT,79.77950870048386,4,New York
26,99010.16146707349,17,-2,Sales,91.28673658883075,2,Houston
29,77864.85976046653,14,13,Marketing,73.55912053170947,1,Chicago
47,52126.608368334826,13,6,Marketing,79.60640739534433,3,New York
39,94224.72830803593,13,10,Marketing,92.2409521967675,5,Los Angeles
13,102256.59683419859,14,13,HR,104.53179446811575,5,Chicago
38,77571.35041253536,16,1,IT,68.82741711744468,1,Phoenix
30,76426.89788764733,11,4,Finance,61.691405854918436,4,New York
26,78075.24541529764,12,6,IT,79.37397468526648,3,Houston
42,87691.61046493826,13,4,HR,99.0443467982715,1,Houston
47,56729.68485725022,9,16,Marketing,126.89465016974843,4,Phoenix
46,55952.961945747964,11,3,Sales,99.69473935427092,5,Phoenix
24,69453.33317003361,12,5,Marketing,52.78816153561982,2,Houston
31,96815.93834831941,16,9,Finance,70.73636344001642,3,New York
38,81847.18705416875,14,1,Sales,64.32372937137484,3,Chicago
46,76667.74193509878,14,6,Marketing,54.148227664453486,4,Phoenix
29,82585.91343185512,16,9,Sales,74.61813808027726,1,Phoenix
32,28859.058633321227,13,6,IT,108.18977404154447,5,Phoenix
21,96993.99827830725,15,7,HR,94.81644294889492,4,Los Angeles
20,50955.52441833997,13,5,Marketing,91.99684470311944,2,New York
44,81022.56006657594,14,0,Finance,58.747699688131064,2,New York
51,64931.140144426274,12,9,IT,89.09348709526883,2,New York
34,34576.0920844637,6,16,Marketing,112.32865171299596,4,New York
47,83872.16210782989,13,8,IT,92.78588260217438,5,New York
39,79109.33829217663,18,9,Finance,100.10459448908402,3,Houston
27,83831.6320436453,16,11,Marketing,81.90997448445432,1,Phoenix
39,75336.0596068963,16,1,Finance,67.2021227379626,3,Houston
53,91236.21689565008,17,16,Sales,106.39877519464436,5,Los Angeles
34,80305.814957576,14,9,Finance,73.51037260687399,3,Chicago
53,54560.27443895057,14,16,Sales,97.38560585230266,4,Phoenix
3,85823.57856651963,12,4,Marketing,70.17322809256237,2,Los Angeles
44,64783.44361564206,13,17,Sales,132.65726725364348,5,Houston
36,54593.81531399734,15,11,Marketing,95.88995011122343,5,Chicago
31,80285.49308246,17,10,Marketing,118.38359407989051,3,Los Angeles
36,93121.86755375672,13,9,HR,105.27352133847359,4,Chicago
11,83549.90116421439,12,6,Marketing,70.71801013987799,3,Los Angeles
32,70773.8072684546,14,14,Sales,112.01967361004431,3,Houston
39,74727.37240944787,15,8,HR,85.68204918008087,5,Chicago
52,64555.39669630162,9,-1,HR,67.99303585737458,3,Los Angeles
28,105362.50895596658,7,2,Marketing,75.09192439045557,2,Houston
25,82589.66037151525,12,7,Finance,96.04140839781616,3,Phoenix
28,79430.28144306189,10,9,Finance,96.73242132449701,2,Houston
45,88121.18674407995,12,7,HR,79.22393202050297,5,Houston
38,74682.50840691054,13,14,Marketing,100.26360083597791,4,Phoenix
28,67473.29773844054,12,-1,Finance,65.9083944008168,2,Houston
41,79503.08981265087,18,8,Marketing,109.42291827835159,4,Phoenix
36,78887.13448656187,14,-1,Marketing,88.96436688099915,4,Phoenix
46,69185.25933423372,14,11,HR,63.82805458160459,2,Phoenix
26,93877.11175249092,15,7,HR,65.30163536304784,5,Los Angeles
31,70192.99033992935,10,10,IT,61.03462762192994,1,Chicago
30,98656.34232167887,17,3,Finance,52.834332397594636,4,Los Angeles
17,71169.7103525999,13,14,Finance,134.5836340082525,4,Phoenix
38,78672.67928053014,16,13,Finance,93.17899021509557,5,Chicago
38,37993.64613682616,10,10,Sales,85.74768887485138,5,Chicago
35,79591.66885676808,9,7,Marketing,93.37592197944178,3,Phoenix
32,91229.06919384454,16,10,HR,138.46878693400515,5,Chicago
18,98954.17581318012,15,4,Finance,90.54452160071162,4,Chicago
29,38081.28474477176,11,12,IT,79.10364763006498,2,Los Angeles
30,100848.15984912142,11,16,Finance,94.9422390363853,1,Chicago
25,65168.40259523442,17,13,Marketing,127.97937933777247,3,Phoenix
33,84575.62938590866,10,4,Marketing,96.07613103637625,2,New York
39,71554.70071915882,18,9,HR,118.17071425245305,1,New York
57,84764.2620311994,11,1,Sales,69.89709807718886,1,New York
37,65716.78790881376,15,10,HR,111.98822219364455,1,Phoenix
38,64162.077924114434,13,10,Finance,75.54435674336173,2,New York
34,117281.29209507958,15,-1,IT,76.40495775283384,3,Los Angeles
11,65971.08498573866,12,2,HR,87.09603069412543,3,Phoenix
34,77888.26885488666,13,6,Sales,77.98068612614196,1,Phoenix
35,85651.46675602726,14,6,HR,104.57628478914397,2,Phoenix
64,77533.11213003994,10,1,Marketing,81.9645590794106,1,Chicago
32,92201.312371018,16,9,Finance,120.10914686744883,5,Chicago
38,78769.78541749931,12,9,Finance,80.56828083712841,3,Chicago
34,111377.23451810674,13,7,Finance,87.33530059432694,4,Houston
20,62655.90800260993,11,4,Finance,72.83349039822176,1,Los Angeles
48,63581.524771769524,6,13,Finance,123.16892370136466,5,Phoenix
44,97512.25119028093,13,16,Finance,136.82623847081015,3,Phoenix
44,107331.70816608438,21,5,IT,104.26062477398588,2,Chicago
24,98216.50351384415,16,4,Sales,64.66034376702875,3,Phoenix
51,91109.52620965423,13,10,Finance,97.28037599090074,2,Phoenix
18,57287.105744189925,13,6,Sales,86.05638417322152,2,New York
42,108961.74114565205,14,7,Finance,115.85916128464328,1,Phoenix
61,56381.621127780956,15,11,HR,90.17668931580921,1,Houston
23,77928.80185279064,10,-1,Finance,67.16980574872318,3,Chicago
28,80917.50828818692,17,14,Marketing,117.68349081881212,5,Los Angeles
36,86077.20928837967,16,8,IT,102.47260861962673,3,Los Angeles
28,77595.06839637583,16,5,HR,68.60113983987651,4,New York
16,81628.84202459968,15,7,HR,65.63158397974252,2,Los Angeles
35,83119.05369024035,14,7,Marketing,95.21928255325606,2,Los Angeles
22,111255.44651941511,16,0,Finance,77.2968016494722,1,Chicago
40,80144.92394165252,15,15,IT,103.52279442782623,5,Chicago
23,65242.967118677036,12,8,HR,94.7752279626389,1,Houston
53,80435.55037342539,12,10,IT,89.22389492841783,4,New York
25,91713.05608343054,14,12,HR,77.86061982083226,3,Los Angeles
31,61327.84948808355,18,2,Finance,53.14996254770397,3,Houston
44,86950.53034872992,10,10,HR,85.51396212196306,5,New York
20,75280.70478142364,9,6,HR,97.59442800547193,1,Los Angeles
37,76991.17391025017,14,12,Sales,74.15740691943184,1,Los Angeles
50,98725.44973576865,14,-2,Finance,36.22766621859529,4,Chicago
15,75768.97259913504,14,7,Marketing,64.73461805587844,3,Phoenix
37,76926.42770437595,14,4,Marketing,80.8980481587181,1,New York
38,77254.0350713955,13,10,Finance,104.32984847589498,5,Los Angeles
44,87005.40687693373,18,10,Marketing,94.9245067588946,3,New York
20,52039.593261267204,9,4,Finance,76.05138594242815,4,Houston
19,47432.13371019597,11,4,Marketing,82.28301703124595,5,Houston
41,97768.69631760947,13,7,Sales,83.66508187366203,2,Phoenix
38,58240.13536310221,9,3,Marketing,62.13980039138993,4,Los Angeles
38,62279.3928158829,13,12,HR,78.08555952487666,5,Chicago
39,54316.50986848698,18,6,Finance,80.07863102181788,1,Los Angeles
26,64645.361326319726,14,-6,IT,103.3804283992211,2,New York
37,67874.191616515,14,6,IT,110.8555816068473,4,Houston
38,92231.69370425642,10,2,Finance,76.19936914555971,1,New York
26,88995.99303151241,12,0,Sales,78.4398209411701,2,Phoenix
57,62742.57667796054,12,1,Marketing,62.89650692702154,3,Houston
40,119560.09306647108,13,8,Sales,106.64673172417936,1,Chicago
20,97272.40924133598,17,14,IT,112.88903996200114,5,Houston
42,73215.8195424924,15,9,Finance,102.39536122742626,4,Los Angeles
23,33100.47001747975,10,4,Finance,88.35583387856245,2,Los Angeles
44,108896.4341415502,14,10,Sales,97.61535457372204,1,Houston
48,59714.41158305363,15,5,Sales,98.97312939957375,3,Phoenix
25,71177.03669648548,17,4,Marketing,85.65433026470272,4,Los Angeles
46,102837.03425790006,18,2,HR,98.51618937158852,4,Los Angeles
39,107912.51570372199,10,0,HR,73.53043856917608,1,Chicago
44,89174.5678131117,11,6,Marketing,132.53730188693493,3,Houston
57,87004.67257255022,10,8,HR,116.41401105260475,2,Los Angeles
32,94616.47862896918,13,7,IT,103.81506438738298,1,Phoenix
25,97064.63526083967,15,5,HR,80.96140976473635,2,New York
24,96653.09496211338,16,3,Marketing,86.90418841402843,4,Houston
25,79044.04460234656,13,11,HR,75.66666811844765,2,Chicago
34,79519.70446350126,13,1,Finance,78.95424043567236,3,Los Angeles
39,72885.31505719463,14,11,Sales,72.30412951352982,5,Phoenix
38,55059.961288106155,11,2,IT,58.99916344550681,3,Houston
44,78353.07426336966,20,4,Finance,88.64164262838148,2,Phoenix
35,44659.01765344321,9,0,Finance,74.55500421362274,1,Phoenix
52,69633.03323647531,14,5,Marketing,75.53435918121866,4,Chicago
31,72672.95637717382,20,12,Sales,83.01745070815089,5,Houston
67,61140.01336575355,14,10,Sales,125.42869115843554,1,Los Angeles
42,83674.86426491234,13,12,IT,81.32680653494987,1,Chicago
24,91988.9334620644,12,10,Marketing,109.61482757623382,3,Los Angeles
22,95341.11065373165,13,2,IT,59.676488692397804,2,New York
40,67138.28551137325,18,6,HR,84.73282705712916,3,Phoenix
32,43799.036313090066,7,4,Finance,75.80455576232087,2,New York
43,105725.6952892496,18,14,IT,95.6465691867577,3,Phoenix
40,51844.783486217675,9,2,Finance,61.123355196765374,1,Chicago
34,70135.74713141505,13,12,Marketing,88.39675057064167,4,Los Angeles
24,80854.01510830165,12,12,HR,83.96950345999385,2,Los Angeles
16,65457.304543252096,15,17,Marketing,79.45122950009123,5,Chicago
29,67505.40959000123,9,5,HR,87.14983398077224,5,Houston
45,55791.1592744207,15,11,HR,86.42672008735755,1,New York
37,77223.20737225843,20,19,Finance,108.35453654816757,3,New York
20,73491.44306065814,9,4,Marketing,89.10855593468756,3,Los Angeles
37,53302.77623793974,14,0,Marketing,114.1267418492152,1,Los Angeles
39,83243.6695364038,12,-1,IT,59.63337402060249,5,Los Angeles
24,79967.24750211611,15,11,Marketing,91.62495592084703,5,Chicago
36,86672.419296176,14,-1,IT,93.01477752706477,3,Houston
35,80322.77318514137,12,6,Sales,59.412127226406156,2,New York
21,107556.69680917107,15,10,Sales,107.81576800671836,4,Phoenix
39,97173.47928117805,19,8,Sales,96.81509171267511,2,Chicago
41,76260.9489836923,13,10,Marketing,68.98210216331375,5,New York
47,88186.70839419079,16,9,Marketing,107.13966663073651,2,Houston
47,88576.52354600656,10,14,IT,76.71506731743426,4,Chicago
18,74922.01988610342,11,3,HR,73.37759599794893,2,New York
23,82236.6044446686,15,4,IT,78.74730747807111,2,Chicago
41,86689.7310604139,18,4,Sales,89.7328031269048,2,New York
41,56426.64198623839,15,12,IT,74.49953670900459,2,New York
41,53891.438479783006,13,12,HR,83.20329758445534,1,Houston
81,108506.1297935541,13,10,Marketing,116.05968950024811,5,Phoenix
41,56243.36623273914,10,13,IT,102.5669365755153,4,Houston
48,82434.67990723954,15,2,Sales,95.46181338398908,5,New York
46,71761.31960811913,16,16,Sales,91.68631853775922,1,Chicago
42,85269.77764222563,12,15,Marketing,110.50622766151987,1,Houston
31,67915.3310922486,12,11,IT,101.48277316032195,1,Phoenix
44,98306.47190441225,14,16,HR,117.40632309760973,1,New York
25,72005.87861609858,12,0,Marketing,66.422012127758,2,Houston
32,88355.61747778449,13,5,IT,73.55092139110826,5,Houston
29,77189.72084193528,20,4,Finance,90.3885144863442,3,Houston
35,109442.27934998978,13,11,Sales,86.53802711820938,4,Houston
62,53128.01581854298,12,2,HR,89.40415724200909,1,Chicago
12,76111.23291537768,12,11,HR,105.8964656006849,5,Phoenix
43,96737.93928116735,16,14,HR,96.61295077709529,1,Phoenix
15,90218.04340543084,13,11,Sales,102.718562375764,1,New York
29,67734.26671448532,12,9,IT,111.39273660910828,1,Los Angeles
48,83267.47126465537,17,3,Marketing,91.37161942589934,1,Chicago
35,85441.7817992906,18,3,IT,93.92248827826131,1,New York
22,76114.32827333269,12,14,Marketing,101.13324339192135,4,New York
26,78515.60664014137,8,11,HR,93.42350439488798,5,Houston
43,107525.57032657252,17,7,IT,86.90217659054069,1,Los Angeles
26,68656.07678044251,11,5,HR,111.99372994126594,1,Los Angeles
37,59935.537157030136,16,-2,Finance,71.52517701169677,1,Chicago
35,63678.550695290905,8,2,HR,71.84925999804787,1,Los Angeles
27,122873.57964827397,16,17,HR,107.88419065443634,2,New York
60,59709.04969621714,10,1,Marketing,96.77292357763628,2,Los Angeles
42,108867.36037542297,16,8,Finance,112.75892599600286,3,Los Angeles
10,95016.84638491564,14,13,HR,100.7676349997948,1,Phoenix
37,66477.72143456254,11,1,HR,82.32283788345667,3,New York
27,72989.46443602345,12,8,Finance,83.78262499523586,4,Los Angeles
45,110273.7750658331,16,12,Finance,86.93344453968933,3,Los Angeles
25,77904.99029574059,14,8,IT,94.40786924808782,5,Houston
33,70103.69388483847,15,22,Marketing,118.25487503627683,2,Los Angeles
41,80916.95124367808,19,0,Finance,88.06661673586538,2,Los Angeles
45,58064.54468767916,9,13,Finance,94.16831396050969,1,Phoenix
20,74015.81872215222,18,7,Sales,88.8018232338774,1,New York
30,63009.077827109264,14,11,Finance,108.96191029026767,4,Chicago
29,58584.222660259984,11,10,Marketing,105.3797888136448,4,New York
27,63941.38212533743,10,4,HR,104.89311792716812,5,Houston
56,79656.75987032709,13,9,HR,81.04488922980082,1,New York
39,57372.418423765426,16,-1,HR,65.1171250433742,1,Los Angeles
19,85883.41074773925,13,11,HR,94.48993395084996,4,Houston
46,107149.38280275375,18,9,Sales,109.6510605555878,4,New York
60,40522.54456819816,9,11,Finance,93.804807347391,4,Houston
47,89654.41796295806,13,13,HR,96.96228606708002,2,Chicago
16,80648.61862446448,10,9,IT,98.40267283480583,3,New York
29,65185.128908802246,15,8,HR,78.97958283245283,3,Los Angeles
50,106428.56653829418,16,3,Finance,85.98516198315241,1,Houston
26,76344.18961690909,12,4,HR,60.51958362067099,2,Phoenix
40,41781.414989309655,6,13,Sales,91.7629436600953,4,Houston
44,80222.39908014772,14,15,Marketing,120.22699613067404,1,Phoenix
23,92751.35395490848,15,6,Marketing,63.056508701852806,2,Los Angeles
34,87850.19462615241,15,8,Finance,80.50386469735653,5,Chicago
-3,97963.7920748707,17,3,Marketing,76.7571955677781,2,Phoenix
22,52331.34766851766,10,13,Marketing,107.20683248218408,1,Chicago
31,90993.93993710182,16,11,IT,99.39929000440115,3,Houston
20,69776.02006598451,17,17,Finance,117.92537906765777,4,Los Angeles
54,63031.68945350597,8,3,Finance,83.10474050882026,5,Phoenix
17,64583.52669658674,14,6,Marketing,64.5297374062606,2,Houston
29,58296.279825905796,12,9,Marketing,64.33967033534097,1,New York
36,101945.82908142322,13,11,Marketing,148.6818266322994,1,Houston
52,88810.71607906935,15,6,Sales,86.81948068492224,4,Chicago
17,85811.9251754265,12,3,HR,67.26283855407121,1,Los Angeles
48,52631.16258933275,11,12,Sales,111.4956584034257,1,Los Angeles
35,67714.60915679543,14,11,Finance,89.62733410735618,4,Houston
23,78822.82409688071,10,3,IT,70.61762214862868,5,New York
40,71048.72306474362,10,14,HR,110.11214414736494,3,Chicago
37,110467.01752673589,16,13,IT,81.40923881164599,3,Houston
27,76181.8648572846,10,8,Finance,75.75620983980765,2,Houston
35,91727.4233643536,15,8,Finance,83.30611615348674,5,Los Angeles
30,76360.78966915692,15,10,IT,98.58572328764826,2,Chicago
36,77989.51608315748,8,3,IT,81.09074390423571,3,New York
42,64801.58618690107,11,8,IT,89.07721347990567,4,Los Angeles
54,88216.92615033212,17,-2,Finance,47.68089092994907,1,Houston
20,81215.45681077737,11,12,Marketing,93.27243110890785,3,Los Angeles
60,61884.655398604235,12,0,IT,45.943488548442076,5,Los Angeles
11,73646.24913525484,15,15,HR,90.78160096431894,3,Phoenix
33,46146.34583569335,16,6,Finance,95.04507451747058,5,Los Angeles
42,86718.18549450029,13,6,Sales,122.93537667899395,5,Los Angeles
38,53949.67422718922,12,4,Sales,83.76754306407985,5,Chicago
27,52587.62585045794,18,6,HR,95.81327914747705,2,Los Angeles
32,87538.57951163278,19,15,Marketing,98.48969559407227,4,New York
29,123790.68438168956,16,-4,IT,61.107797534570416,3,Houston
27,77689.310662126,14,14,Finance,148.07289223469843,4,Chicago
45,90014.62937024547,11,9,IT,107.97978218474339,1,Los Angeles
39,74103.66634837628,11,1,Finance,62.198400645744144,3,New York
26,68858.53531624848,15,2,Sales,51.17170733301662,4,Houston
45,99268.8612246926,15,16,IT,101.02685548911676,4,Chicago
38,71580.87867562182,18,3,HR,96.73847330275447,1,New York
44,74661.37129649648,15,2,Marketing,61.60750024616033,5,Los Angeles
42,68239.45369228203,9,13,HR,93.94585276309942,3,Phoenix
25,69459.36548559259,17,9,Marketing,97.62232614762355,3,Phoenix
28,93860.74206995526,11,3,IT,71.17078469342621,1,Chicago
43,70519.82171581704,12,9,IT,59.065593351851795,5,New York
42,72900.74906748065,14,2,Marketing,65.90108505495078,3,Houston
34,93208.06026062628,19,13,Sales,80.8574643945031,3,New York
36,84111.21211818761,23,13,Finance,58.64691842691731,3,Phoenix
50,82792.92891809795,15,10,HR,118.55576524607675,5,Chicago
27,79343.5421357222,13,9,HR,61.3224147269255,1,Los Angeles
41,93963.80261539448,15,16,HR,100.87495791128443,3,New York
32,87231.19904927483,16,7,IT,85.61346751812812,4,Phoenix
32,74133.94272249362,13,2,HR,70.76377526802828,5,Houston
48,92004.43253652028,19,10,Finance,123.10360114782873,2,Chicago
44,98433.60391891822,14,18,Finance,84.25755342623692,1,Los Angeles
44,86448.73331989654,15,2,Marketing,79.51525692597016,4,New York
50,83055.65376803848,15,6,IT,81.92674769977138,3,Houston
35,60778.96237004595,15,10,Finance,89.85782504307662,2,Los Angeles
43,72705.20407113535,16,7,Sales,66.04078572797101,1,Phoenix
31,69772.07181072282,12,3,IT,79.86773795024449,5,Phoenix
38,62046.28848650943,12,13,IT,78.57626198653716,2,Houston
33,67483.91656604722,10,19,Finance,109.95389995309729,2,Phoenix
36,84470.58507784244,15,8,Sales,90.08058809062658,4,Chicago
42,81079.35427640573,16,3,Marketing,82.24927345081181,1,Houston
25,75366.27573502569,15,0,Finance,73.5575104354416,4,Phoenix
60,91826.64097796626,19,9,Sales,73.84754086218399,4,New York
22,79022.06723653931,13,13,IT,130.45033747701072,3,Phoenix
20,55004.43420315168,16,10,Sales,63.00334436535752,5,Chicago
48,56416.107731893164,10,7,IT,113.29421862825082,2,Los Angeles
44,59445.49606853615,12,5,Finance,60.2895067092605,1,Los Angeles
42,55594.98794142445,16,2,Finance,66.56629488089555,5,Phoenix
42,89804.27184265746,16,12,HR,115.4155577732927,5,Los Angeles
34,96453.91536836309,13,12,HR,114.40530339992121,1,Phoenix
24,94308.27966963976,13,0,HR,106.4244527249082,5,Chicago
35,62451.366123869506,9,15,Finance,115.44750114027497,3,Los Angeles
26,104019.10438349447,12,10,Marketing,89.90249673578327,5,New York
46,72760.30393379906,16,14,Finance,132.7400848633309,3,Phoenix
33,76456.84859087848,15,1,Sales,104.0363900454065,2,Los Angeles
25,74939.01207770327,15,1,Finance,90.69408353570293,2,Chicago
31,76970.64699447008,14,7,Finance,102.29288850921678,4,Chicago
39,76113.71266188749,14,10,IT,108.25140030143571,3,New York
28,81211.822877587,12,16,IT,111.51508400049363,2,Chicago
25,81388.71028271185,16,11,IT,78.3369983248226,5,Chicago
37,74538.27151741645,15,6,Finance,90.64759193919477,1,Los Angeles
37,76380.66418272187,15,2,Marketing,62.273624300573246,1,Phoenix
28,90046.67995339666,12,14,Sales,109.6037231602352,3,Houston
29,74355.64641184559,7,3,Sales,83.26053249601605,4,Chicago
37,67534.57454153713,17,16,Marketing,92.74180099405369,5,Chicago
17,34253.39242571501,12,6,Marketing,69.96816452382288,3,Houston
18,80862.76998245131,11,15,Sales,96.83336467551699,1,Chicago
26,55554.14225396319,16,11,HR,94.46143916820989,3,Los Angeles
32,80572.61924052871,12,7,IT,105.10497286402048,5,Los Angeles
38,66337.87303415172,17,5,IT,109.99933600398904,2,Houston
52,49062.77111992999,15,6,Sales,109.01522976832082,5,Chicago
45,90742.14996193192,16,10,Marketing,83.6105829740612,2,Chicago
33,88871.77318536506,9,8,HR,99.23556123664909,2,Phoenix
34,73403.94077760143,17,5,Sales,65.91511243331126,2,Chicago
22,42569.41916506733,14,7,IT,92.62296934567313,3,Los Angeles
34,71738.63846286439,12,8,Finance,114.52142748283757,1,New York
31,74419.94062178866,14,-2,Marketing,119.63224461620041,3,New York
38,40624.26437504037,8,10,Finance,104.92151518746407,1,New York
25,88055.83193748165,15,3,Sales,86.37405452866004,5,New York
41,66273.83506689254,10,2,IT,78.74205959868236,4,Chicago
53,78762.49949035274,9,0,HR,106.88052959954832,5,Chicago
33,66001.29753058824,9,0,Finance,61.658525748933215,3,Phoenix
39,67176.20636921703,17,1,HR,116.17455371352015,3,Chicago
43,89111.75349693184,12,4,IT,53.725520522240124,1,New York
30,86805.4071730746,18,17,Finance,100.25361460507209,3,Houston
37,74598.33247834898,12,5,HR,49.798753086967565,2,Houston
35,52495.277838957154,8,8,HR,95.26285729154012,3,Los Angeles
36,75888.24242142151,10,10,Finance,94.0177203478543,1,Los Angeles
25,79426.44632519683,17,8,IT,75.46468782852087,1,Chicago
35,63499.590998379754,13,7,HR,92.36463618521893,2,Houston
40,97458.5788360424,12,2,Sales,113.90643668892615,1,New York
52,69553.80122906461,14,15,Finance,107.02238605059367,4,New York
46,52923.62887840868,15,17,Marketing,92.74705043329764,5,New York
60,116506.28484177985,17,0,Marketing,96.99666402649349,3,Chicago
25,80728.51076838071,18,2,IT,76.562143627652,4,Chicago
45,62793.92106736844,12,6,Sales,107.08076558416853,3,Phoenix
37,89916.4271066202,10,3,HR,62.28688200384554,4,New York
61,64464.73102890786,12,10,Marketing,95.08773661989972,3,New York
25,107863.26890107547,14,4,IT,99.44507378984072,2,Chicago
24,90043.63156662724,11,18,Sales,108.5920454556699,1,Chicago
27,68475.33354769331,11,13,Sales,96.783186195815,1,Phoenix
9,113067.28385973106,15,9,IT,71.70632064136981,2,Phoenix
28,75281.91036353789,13,13,IT,79.53937446492071,4,Los Angeles
25,93514.86795951509,14,13,HR,144.6561054968006,5,Houston
36,72821.67289061064,11,5,IT,66.72594163987654,4,New York
39,105426.49550820206,13,3,HR,96.32987764332566,1,New York
57,98634.49591115367,11,8,HR,94.773800781017,5,Phoenix
46,81411.67839163718,16,12,Finance,98.89105770554004,3,Phoenix
28,62594.64402187752,17,8,Sales,89.52036579710507,5,Los Angeles
24,66011.70024376341,8,0,Sales,89.84389286265461,4,Houston
40,70334.94400571809,11,3,Sales,91.18778559027783,2,Los Angeles
19,106899.1349727516,9,7,Finance,94.27255231730207,3,Houston
56,76474.45030990728,12,7,HR,84.89429543615427,4,New York
49,61668.95585044094,13,17,HR,143.18491072305784,3,Los Angeles
29,65335.3283197206,9,1,IT,65.43324483887484,5,Phoenix
14,43674.26389680666,11,10,Finance,87.3437349363438,1,Los Angeles
51,47125.233122771424,10,15,IT,88.1457174346713,4,Los Angeles
33,106140.22046385091,14,19,Finance,52.788884430301046,2,New York
49,78446.17535750143,14,5,IT,56.07890244880324,5,Phoenix
15,50692.09949194305,11,10,Marketing,92.82111900883768,4,Phoenix
27,86006.1164084213,14,10,Sales,74.65185423201599,2,Chicago
35,85361.58152028595,12,8,Sales,129.4496288237979,4,Chicago
35,86708.10942747557,13,7,HR,103.78150035521041,5,Chicago
29,111137.23470393273,19,10,Marketing,99.30637005701622,4,New York
42,80041.66892547316,18,-4,Sales,72.80916396942636,3,Los Angeles
22,52716.15382635877,10,11,HR,95.19330314054255,5,Phoenix
33,103549.10609301798,16,8,Marketing,145.69497856955877,4,Phoenix
36,83469.63799734978,16,6,Sales,52.42694520333431,1,Los Angeles
41,69470.84848609094,10,18,IT,115.15222644459728,4,Phoenix
43,103942.49003431447,16,4,Finance,105.66691626348737,3,Los Angeles
21,93766.40345001097,18,5,Marketing,99.08301606887679,2,New York
16,78430.18127879745,10,17,HR,143.1864040517613,2,New York
50,105916.29306286288,11,3,Marketing,118.17425202453593,2,New York
38,71640.06831892655,17,5,HR,98.60245691315404,1,Los Angeles
26,88043.01925258223,14,7,Marketing,90.88901822811036,3,Los Angeles
53,75870.66207180431,15,12,HR,96.0381881514185,5,Houston
36,79364.56862398089,15,9,Sales,60.37083908891111,2,Phoenix
49,101986.51201846273,15,1,IT,100.58783444783612,3,Phoenix
35,75854.11184936644,10,5,Sales,83.94588313234875,4,Houston
59,88970.7724527317,17,4,IT,109.98147402627437,1,Houston
56,96613.7026859712,17,7,Sales,123.87799075109336,3,New York
32,71985.1091874383,13,10,Sales,94.43481374790801,3,Houston
46,70299.89222578643,13,10,Marketing,117.0586194782276,5,Los Angeles
42,52273.28368431725,9,0,Finance,98.64894660705099,3,Chicago
51,50122.997159156126,15,13,HR,106.88749631514425,5,Los Angeles
23,106168.67348553799,15,9,HR,61.0084779007478,1,Houston
43,58336.52545522121,13,14,HR,102.87932319498893,1,Phoenix
47,86632.87734926026,17,10,IT,124.19355227503513,4,Los Angeles
13,75035.10601921106,12,13,HR,67.24352396741855,5,Phoenix
20,89450.96918850818,15,10,HR,79.3242870859575,5,Los Angeles
10,86915.40233418868,10,14,Marketing,112.95252464539824,2,Phoenix
31,91090.76510322036,13,10,Sales,103.62751567291484,2,Los Angeles
43,69259.87423888089,13,7,HR,108.63027509854956,4,Phoenix
53,76716.92592662771,14,19,Finance,135.85196338802191,1,Chicago
35,76154.27285706192,12,12,HR,108.35107351023501,2,New York
54,72688.13010032434,13,10,IT,91.31552313688978,3,Los Angeles
18,107188.18205882922,16,1,IT,70.42381608615496,1,Chicago
14,84530.46729115403,12,1,IT,84.57723897333666,3,New York
34,79524.44922597306,9,9,HR,114.49394821411582,5,Los Angeles
39,108469.02593487327,19,8,Marketing,91.12475509067238,1,Chicago
34,97553.04687699031,18,4,Finance,65.07744349028856,4,Chicago
10,76487.70187940911,10,8,HR,90.1301841409603,5,Chicago
33,62341.302247467036,16,15,Marketing,99.71695257682187,5,Houston
19,80006.05068692233,12,11,Marketing,98.049636662799,3,Phoenix
43,64166.767681568526,14,2,HR,63.56661065163625,5,New York
39,75167.46610999707,14,7,HR,69.95725633842054,2,Phoenix
23,88059.6679529322,13,3,Marketing,55.7332861368201,1,Phoenix
28,94742.433055523,11,6,Marketing,115.9064953403269,2,Phoenix
22,73165.30067513576,11,5,Marketing,80.97848400616945,3,Chicago
34,75008.02111578334,11,5,HR,90.01201906684534,3,Phoenix
46,97200.41642680629,11,1,Marketing,86.32359493435196,1,Houston
23,81778.62594260671,13,7,IT,60.064009508515085,5,Los Angeles
41,100997.36584810722,11,5,HR,103.83957501813909,4,Chicago
28,94847.30902235046,16,-6,IT,97.00235416322766,3,New York
25,71719.52268607807,18,18,Sales,76.75838336174334,1,Los Angeles
33,87701.79955133537,12,13,HR,129.23678465957818,4,Los Angeles
22,82312.74265220278,14,6,Sales,78.23982938087529,5,Los Angeles
28,98540.11503784485,15,8,Marketing,127.21350599042333,3,Phoenix
20,93635.43202372022,15,2,Marketing,74.32311766385347,1,Phoenix
58,74631.7169236678,14,16,Finance,89.96906456038991,1,Chicago
35,67978.9028123554,16,17,Marketing,126.99200517512044,1,Phoenix
26,75993.94755505839,15,8,Sales,85.37245482453174,3,Phoenix
37,65813.11051998219,10,13,Marketing,117.49225975139653,4,Phoenix
33,81725.12893304009,16,8,HR,59.45744413605463,1,Chicago
32,89177.82772660443,16,1,Marketing,61.665317603613495,5,Chicago
42,96643.4483815771,11,5,Finance,112.77270614765168,1,Houston
44,83808.22863795301,14,8,Marketing,122.15576238692447,4,Houston
28,64016.922440653536,16,5,Sales,93.45209872179717,3,Houston
28,77931.89479799873,13,6,Sales,79.17328792292642,1,Houston
31,96513.16887831301,17,7,Marketing,76.35174295145026,1,Los Angeles
7,89102.04429294905,21,7,Sales,91.49890871603799,5,Los Angeles
16,75438.67757092707,11,8,Sales,77.51077584373803,5,Houston
51,73582.92649182433,9,2,Finance,83.20549213639998,1,Houston
54,65879.63346906475,14,4,HR,56.83012650766913,1,New York
32,101184.26535760636,16,1,Finance,85.07560639041776,5,Los Angeles
41,74073.43288751044,13,12,IT,96.88076063297929,4,New York
38,96607.36752810414,18,-2,Finance,107.28913752944338,2,New York
71,47744.507260293576,9,13,Marketing,115.30884222775674,2,Phoenix
48,74289.4488376596,16,14,HR,81.54448462581489,1,Chicago
33,84056.61508954749,12,6,Marketing,92.4978676301191,5,Los Angeles
23,82080.06502851543,19,-5,IT,56.077353580903555,3,Houston
15,107276.96292852264,19,6,HR,73.29327987649471,3,Houston
37,69524.86185490226,11,7,Sales,98.58849248960898,2,Chicago
25,82513.32244279518,12,2,Finance,62.82614093334929,4,Los Angeles
17,92269.56553248178,16,5,Marketing,84.5360124500902,2,Houston
27,46987.80642439787,12,15,IT,130.002811406288,1,Houston
22,45743.15969581875,13,11,Sales,83.57209867364895,4,Phoenix
55,57592.64862714948,14,3,Finance,95.89066031756016,3,New York
45,81955.74477686596,8,0,Sales,89.96182675425236,5,Houston
34,67051.8015634314,13,6,Finance,89.17927526377649,5,Los Angeles
52,105005.6855615103,11,6,HR,94.06631158999514,1,Chicago
35,75432.71804764649,12,10,Sales,71.03325564532376,2,Phoenix
24,89134.26268876946,18,5,Sales,81.25146557551538,1,Los Angeles
53,98880.22593465129,10,10,Sales,98.85839870257884,5,Phoenix
41,114557.24249358103,16,17,HR,91.47677174305548,3,New York
22,106713.15337472063,13,12,IT,109.8238778098086,5,Houston
32,93657.18183445075,13,7,Finance,109.01675385899203,4,Los Angeles
24,93734.71950398301,16,7,Sales,125.39210645333367,5,Chicago
18,86635.58848359912,15,6,HR,110.3304609946494,5,New York
46,86636.40448450705,15,13,IT,107.14562182485976,4,New York
57,68147.88439540728,16,4,Finance,124.33805012478297,2,Phoenix
18,74158.89383642215,13,8,HR,110.893780341776,5,New York
41,75343.94496424544,12,8,Finance,102.28691874894844,1,Los Angeles
27,74775.81687064636,10,5,Sales,60.03371314248691,5,Phoenix
29,61231.26797491076,11,1,IT,109.13736203312206,1,New York
27,98187.793749527,22,9,HR,98.83052272432784,4,Chicago
24,93440.6870737634,17,7,IT,90.40495372187438,5,Los Angeles
35,67215.74386892923,9,10,Sales,104.09646879361722,4,Chicago
25,92345.45087495973,10,5,IT,102.10445845693975,4,Chicago
38,62119.98020377746,15,14,IT,116.58540370560779,2,Phoenix
34,73229.15326837108,15,3,Marketing,78.36561355192832,5,Houston
32,69686.24023754674,15,16,IT,100.06486173637494,1,Phoenix
24,48878.88136660384,13,0,Finance,64.39416225642842,1,Los Angeles
28,78271.1718501174,13,10,HR,101.32253080306177,5,Los Angeles
44,83525.94888931343,14,10,Marketing,84.70406935536325,2,Phoenix
41,98882.27720108735,14,4,HR,61.52175651637691,2,Houston
23,79539.57823649482,7,10,HR,91.80591290936542,2,Phoenix
36,60966.88560220186,13,14,Sales,123.51118540060529,1,Los Angeles
44,92174.79355792391,11,-3,Sales,62.74429353485863,4,Houston
14,105231.85948485948,14,10,Marketing,83.09255022384701,2,Los Angeles
41,114094.14776152768,22,-4,Sales,81.26096313954429,1,Houston
27,79698.22090751027,15,3,Sales,81.3567646517277,1,Houston
41,62057.33627124346,13,16,Sales,109.54401520481929,4,Phoenix
25,75059.87305811173,16,5,HR,73.96625880754385,5,Phoenix
13,94011.48944814075,15,2,Marketing,78.45480763111642,5,Phoenix
15,114322.30085475672,15,7,HR,76.01311721452936,2,Houston
35,103062.28673384197,15,18,Finance,114.08039558940288,2,Houston
38,91036.95765942973,20,-1,HR,45.50429390318625,4,Los Angeles
24,53380.05057731066,10,2,Finance,93.9223216144708,2,Chicago
42,80051.56023655101,15,15,IT,120.12556514475757,4,Phoenix
15,42466.90719399856,11,17,IT,94.12602763402364,1,Los Angeles
34,81128.93528629924,15,7,Finance,98.03908660610576,2,Los Angeles
20,72356.6903375502,11,1,Finance,78.43015633327047,1,New York
27,60536.985697686316,12,18,HR,117.56228321322703,3,Phoenix
35,47987.7665743168,13,15,Finance,130.7872312459505,4,Los Angeles
24,96326.41472775111,16,11,Marketing,79.22363041782303,3,New York
30,69236.74085094893,16,3,IT,95.23431751219967,2,Phoenix
47,56764.77207429577,10,7,IT,102.73396716528931,1,Houston
28,24601.007743271184,14,7,Finance,76.96222050618161,2,New York
45,78837.71163511922,11,9,Sales,93.26422644583155,3,Houston
21,90232.61475490843,10,15,Sales,139.15411729058133,2,Chicago
41,96536.91950084426,13,12,Finance,95.6964178745104,5,Chicago
52,72545.26904113755,13,2,Marketing,71.82138841608958,3,Chicago
5,84318.85976561354,21,14,Sales,115.0566369606375,2,Chicago
25,91506.5510215994,15,9,Finance,84.63780618766093,1,Los Angeles
41,46632.905265887755,9,11,Marketing,101.8456505001521,2,Chicago
32,77092.85145062431,12,15,Marketing,112.3598366148887,1,Los Angeles
39,92405.81312971817,17,2,HR,78.70484227140307,5,Los Angeles
27,102853.0543675025,20,7,Marketing,84.65859883026506,2,Phoenix
36,69477.17614540254,9,5,Sales,105.23733909676307,5,Los Angeles
33,67660.15098037949,8,0,Sales,82.512915712605,3,Los Angeles
49,73145.93017344891,19,9,Finance,68.25313593836067,1,Chicago
38,75210.35118588296,15,20,Finance,111.92446489461358,3,Los Angeles
39,64674.31551708539,11,-1,Marketing,47.98716985002978,1,Houston
30,93002.81922292788,15,7,IT,75.27902038391835,5,Chicago
29,78514.96469229007,6,11,HR,108.86912813590935,4,New York
29,59834.47981241977,14,8,IT,118.32223413898282,2,Chicago
39,110297.94986980618,14,7,Marketing,97.97113244709215,5,Los Angeles
29,75710.75831840634,16,1,Marketing,92.09888351696429,1,Houston
38,75705.0792828457,10,9,IT,101.59840821396743,1,Chicago
59,67520.07042243081,14,4,HR,35.45850440093912,1,Houston
45,37508.60221816503,11,-2,IT,53.17231997062305,1,New York
31,95766.71484787729,14,13,Finance,122.10578328378331,2,New York
49,87281.91437873153,11,12,Sales,116.31018684486796,3,Phoenix
30,68069.35382760949,12,8,Finance,105.35518069737282,4,Phoenix
10,75663.18873806605,11,9,Sales,93.6250789021523,2,Chicago
22,90022.087509054,15,13,Marketing,74.20268188875758,1,Phoenix
12,59629.61814514809,16,9,HR,57.92315238504398,2,Houston
30,67047.62717065694,13,12,IT,97.41629374164651,5,Phoenix
35,90971.79436029865,14,6,HR,95.3261996114928,1,Houston
55,59023.36238344056,9,14,IT,104.71529812860668,4,Phoenix
38,78928.23222192864,13,9,Finance,95.29955256991411,1,Phoenix
32,61684.210029669965,13,8,Finance,129.6244941093176,4,Phoenix
44,95898.26761692057,21,1,IT,90.54136025558415,4,Los Angeles
8,65058.80445392403,10,9,HR,104.66571541565693,3,Los Angeles
37,78155.01948698236,18,3,IT,109.55577205441307,3,Phoenix
44,102171.21130180379,16,4,Marketing,62.58797847170732,2,Houston
17,69818.69365447733,14,3,Finance,94.08844413609128,2,Chicago
48,78822.3523039553,19,2,Marketing,56.74367527983901,4,New York
39,90045.03649113709,15,18,Finance,122.99828515452663,1,Los Angeles
30,99268.61031451951,15,14,Finance,85.02770073717004,5,Phoenix
42,64843.78207811001,13,17,Sales,84.27072136372745,5,New York
62,79632.35635643697,17,1,Marketing,110.75308014044145,1,Los Angeles
37,95351.86519118086,17,8,Marketing,85.62154197678446,1,Chicago
37,83212.78131875946,12,1,Sales,65.36261256775919,3,Houston
29,76005.33574011773,10,4,HR,78.52484200902852,5,Phoenix
24,61918.982640276685,13,3,Marketing,54.14161476263432,4,Chicago
44,62737.04465209477,11,14,IT,98.74579906437647,2,Los Angeles
24,66082.67647182148,13,6,Sales,115.64598107365578,3,Phoenix
35,66538.33746803501,17,13,Marketing,106.6838736815251,5,New York
29,21651.984793082862,12,11,HR,82.45056719736864,1,Houston
40,85713.58069361765,13,19,Marketing,121.2234640271277,5,Los Angeles
39,91905.3720221723,14,0,Finance,81.90495951582156,4,Houston
47,42702.07645167104,16,14,IT,76.26241602907106,3,Phoenix
28,56026.07965452508,7,13,Sales,88.04614464701164,1,Chicago
31,78803.98144341106,12,3,Finance,83.93675982252627,4,Houston
23,93706.46288322503,14,13,HR,114.3810333504015,2,New York
29,86880.08078445686,17,9,Finance,70.46771801142518,3,Los Angeles
39,54246.96228449324,12,6,Finance,63.02219307502503,4,New York
44,58931.50516837319,8,3,HR,76.95215170125766,4,Houston
23,98036.41342252638,15,4,Finance,67.27613916971004,1,Chicago
45,57190.56806465191,12,18,Sales,123.43701009074576,2,Chicago
51,55543.48196995509,10,8,Marketing,139.20183890745307,4,New York
39,59732.437730995065,12,11,Finance,129.21898334199295,3,Phoenix
57,62511.98680178455,13,4,Sales,84.62689184774713,4,Phoenix
25,69696.328461161,12,4,Marketing,82.61408018726823,5,Chicago
20,88520.90887095348,7,13,Marketing,104.62938321011138,3,New York
13,92656.22761809648,16,1,Finance,89.63973434144226,3,New York
52,84126.5613195665,17,5,Sales,84.83037953197056,4,New York
42,75214.27750555894,15,8,Finance,100.33967278001295,1,Houston
34,41608.45127745106,10,8,HR,57.57972300550139,3,Phoenix
38,90042.53223682029,13,7,Marketing,64.17666629206677,5,Phoenix
21,71353.84642247255,13,9,Finance,74.61269462325313,1,Houston
64,78298.41858964825,15,11,Marketing,90.87684814535969,1,Los Angeles
36,121320.18743040791,16,11,Sales,112.5487043301975,1,Houston
36,80517.59890716351,11,3,IT,67.74259524119606,3,New York
43,66889.21706363796,14,6,Finance,62.010861560724244,1,Houston
40,84647.21945696272,15,13,Finance,90.48817668596769,4,New York
37,109756.99294716495,18,12,Marketing,90.95025863024294,1,Chicago
25,86529.99084017175,16,1,Sales,94.024174541906,5,New York
40,59805.86545670166,16,9,HR,112.57853670597164,2,Phoenix
57,88140.41220011972,14,-1,Sales,53.952425009586435,5,Houston
51,80689.88519208576,18,8,Finance,124.2981223006371,3,New York
54,106952.11768666461,15,17,HR,83.6122860845079,1,Los Angeles
28,94042.54415046122,11,3,Sales,79.3107259935797,1,Chicago
23,81294.28738379516,18,3,IT,119.65139418913843,4,Los Angeles
33,103255.23106227552,16,11,Marketing,95.3640934681408,1,Los Angeles
35,77990.46329275086,12,0,Sales,70.09381086103431,5,Los Angeles
48,82193.47043464551,12,4,Sales,93.23462950739317,3,Chicago
14,80160.31104004901,14,10,IT,87.24584013282022,2,Chicago
53,62021.10293332077,15,4,Finance,70.1646525916356,1,Chicago
33,73584.23708961802,14,6,Marketing,73.80681821515157,2,Chicago
29,88720.80432612506,14,11,Sales,128.34735326210134,1,Los Angeles
22,78872.5714774252,19,10,HR,72.05106310280883,3,Phoenix
15,80632.85868623576,17,9,Sales,126.99300349906294,5,Phoenix
44,62412.91568658543,14,6,Marketing,95.83448797873373,3,Chicago
35,86455.01477344213,16,9,Sales,83.77609822279861,2,Houston
19,98605.09894451257,10,7,IT,65.92589718745424,1,New York
19,52358.84789697916,15,10,Sales,115.55055433284642,2,Houston
30,83528.88422027127,19,5,Sales,109.98887961524262,5,Houston
55,103091.1240156419,13,7,HR,72.92611003106775,3,Houston
31,68108.38862364441,11,3,IT,100.08776920813128,2,Phoenix
16,71283.12841365731,12,7,IT,89.299721515288,2,New York
32,49024.12588345435,10,3,Sales,62.95448160996524,5,Houston
31,80223.87628188971,11,2,HR,87.26704491538607,1,Chicago
2,72893.00907096047,12,9,Sales,56.2116699361685,2,Phoenix
34,81314.54687239119,9,9,Sales,97.74604803166784,5,Chicago
32,92364.7705380461,14,11,Marketing,76.66767811498782,1,Chicago
43,113832.474701499,16,5,Marketing,106.18687095519172,1,Houston
57,82535.42278026367,11,10,HR,91.51779634808459,3,Chicago
48,95076.29683707144,18,10,Finance,109.55637198406163,5,New York
31,89360.16453391926,15,10,Marketing,107.11717667338361,1,Chicago
21,73149.56881438945,17,3,Finance,53.2342780114337,3,Houston
65,85904.8725539563,12,8,IT,75.54402072551193,4,Chicago
35,77285.91841159227,16,9,Marketing,58.03032302779346,5,Phoenix
35,72659.77446106574,10,8,Marketing,112.45734292758122,4,Phoenix
34,106231.9232372767,16,-2,HR,127.23351827733813,1,Phoenix
37,60197.09200340672,14,8,Finance,94.8995000790273,5,Los Angeles
33,86279.16341019054,15,19,Marketing,116.13979923245265,3,Phoenix
28,93281.03375107679,10,6,Marketing,97.1222287403194,1,Phoenix
28,71971.82581660918,11,4,HR,99.55132309210626,5,Los Angeles
34,46370.7922804862,15,9,HR,106.05859778296241,5,Phoenix
28,65995.32691326948,11,9,Finance,103.53159113129287,4,Houston
26,103589.63550074262,15,13,IT,88.05652205563216,1,Phoenix
36,60096.94750520888,9,1,IT,67.56112155201566,3,Phoenix
31,67123.03138756497,16,11,Sales,102.37390543510108,3,Los Angeles
53,51040.56314733131,10,10,Marketing,111.51395189848334,1,Houston
3,91990.83445000938,15,7,Finance,87.45844077485697,1,Chicago
48,86337.29230287723,15,9,Marketing,106.38564726438018,2,New York
49,70875.56359959078,11,13,Finance,124.46476222561766,4,Houston
10,69132.35767466006,15,12,Finance,113.75945392970696,1,Chicago
30,70016.19508508508,14,2,Finance,119.5844592590946,1,Houston
30,44083.561236236776,12,12,Marketing,112.07529917688323,2,Chicago
18,97018.1544472108,10,7,HR,115.38223138079609,2,Chicago
25,60723.193377859534,8,8,Marketing,86.77893919347724,5,Houston
21,98693.5850014855,15,8,Finance,94.7054797673198,3,Los Angeles
56,83352.58709866313,9,7,Sales,95.08084007008333,4,Houston
46,94964.97434648442,14,13,IT,91.21758149343636,5,Houston
50,77789.44382680042,13,7,Finance,66.01128199177568,1,Chicago
43,87131.38776066819,16,2,Sales,55.15154928190253,2,New York
21,78887.51044454447,13,6,HR,90.7439857132409,3,Chicago
28,58091.366973418655,13,8,Finance,103.9243110074994,5,Phoenix
40,86481.10827558876,16,14,Sales,78.27604935666096,3,Houston
20,54657.70006281213,15,11,Finance,103.51098437878439,2,Houston
43,99755.79985039077,14,3,Marketing,67.0680704213135,5,Los Angeles
32,73829.94342635108,15,20,Sales,122.29290095831813,5,Chicago
30,64920.962908962276,9,9,Marketing,106.75636642448266,3,Los Angeles
43,82240.00718900173,16,14,Marketing,105.28602562439987,2,Houston
40,76421.85625743041,15,7,Sales,85.51049716157272,1,Chicago
30,83419.73210195,10,10,IT,117.32804556971519,5,Chicago
48,76274.08116825472,13,12,Sales,100.01476586991603,1,Phoenix
22,88398.83256663289,13,14,IT,126.89164719443735,2,Phoenix
42,48987.06142695187,13,13,Finance,85.4355291101499,5,New York
42,83088.01939481514,15,12,Finance,85.62562103335149,5,Phoenix
31,124008.34698103604,18,6,Sales,75.17215883145106,1,Chicago
38,60881.28810430381,17,5,Finance,68.23385735559056,4,Phoenix
19,55060.847195682574,10,9,HR,78.35958429533953,1,New York
46,90763.43946611694,15,12,Marketing,102.17438339187476,1,Houston
32,87461.7224053648,17,6,Marketing,65.62686260971303,4,Phoenix
28,82534.35284777939,15,13,IT,91.4306416030174,2,Chicago
47,92438.3763187222,17,15,Finance,85.37991899675056,2,Houston
26,104408.54803769811,20,3,IT,66.1143977236897,5,Chicago
18,100153.81591838085,17,3,Marketing,63.5869243747713,3,Houston
16,83217.2413824672,14,7,Marketing,30.030164066631823,3,Chicago
42,83326.25603035044,17,9,Finance,93.11481017896088,5,Phoenix
19,86736.03110852,14,5,HR,75.37636016674264,3,Phoenix
56,112210.84682781888,14,14,HR,89.30561246873246,1,New York
10,82144.19219668314,12,10,Finance,80.28536543505042,1,Houston
55,66917.35058929207,18,8,Finance,86.255500310926,4,New York
37,82356.08237538436,11,0,IT,112.13714162516025,4,Los Angeles
33,86052.87873414624,18,1,Finance,69.19471629471626,5,Phoenix
28,40982.43419464995,15,9,HR,117.04792868076093,5,Houston
39,74198.43776248864,9,-2,Finance,84.38858925769583,5,New York
34,61724.04835907195,15,13,IT,113.18482220225766,1,New York
48,60730.73952757821,7,7,IT,83.02468168120005,3,Los Angeles
36,84814.75344439897,15,24,IT,132.7062417915796,5,New York
36,82270.68025097484,16,19,IT,129.3930086889692,5,Chicago
30,91593.44317474644,12,7,Sales,64.93417685015955,1,Phoenix
34,78047.14077668292,14,7,Finance,80.94739284875743,1,New York
38,105340.80679275002,19,12,Marketing,120.40477901605414,1,New York
14,70339.44216590977,12,16,Finance,132.60749888464312,3,Los Angeles
18,87001.25250586643,10,0,Sales,58.17583946388425,5,Chicago
43,96774.77550413157,18,0,IT,65.52455311725241,2,New York
37,75010.33103192918,19,4,Sales,108.3627181857142,2,Phoenix
32,91952.80136614818,14,10,HR,90.6032566763499,5,Phoenix
35,64644.814369513566,17,10,HR,102.95496397388607,5,New York
39,101307.32424928712,18,13,Finance,115.69213210477936,5,Chicago
28,83279.99088366021,11,2,Finance,104.94386968531238,5,Phoenix
25,93944.66551043559,12,-3,Marketing,78.94875897111133,3,Phoenix
37,80599.51695350918,17,12,Marketing,125.19487174455666,2,Chicago
23,87718.48390029988,19,3,HR,71.76418060662498,4,Chicago
39,77911.21202845692,15,-2,IT,77.20357902467087,2,New York
14,73417.82162414721,11,8,Sales,77.0691442253425,2,Houston
47,99297.7133623439,19,11,Marketing,71.27435995778839,1,Los Angeles
40,47129.54821995987,12,7,Marketing,90.78441283217084,5,Houston
38,64446.198277510855,12,5,IT,65.46274604406626,5,Houston
46,59314.187495611615,15,7,IT,88.27087210034793,5,Phoenix
54,96630.09372047968,18,6,Finance,112.88463438828916,1,Chicago
47,103181.47116514236,16,1,Sales,116.74289752206995,3,Phoenix
12,72720.2853745016,15,4,IT,110.38670042341829,3,Los Angeles
19,78232.84373902179,15,10,Marketing,117.75702007795195,4,New York
27,76486.10943780521,14,9,Marketing,141.6370860919144,3,Los Angeles
35,99871.24002120514,15,8,HR,115.59883852176732,3,Phoenix
41,39416.50130948377,6,3,IT,72.2018010343179,5,Phoenix
26,73962.7942884997,13,7,Finance,71.45847974323577,2,Phoenix
37,92885.85989436829,14,-2,Sales,87.21478243891326,3,Phoenix
25,84864.81553511626,10,8,Finance,73.34372939355345,3,Houston
27,84736.23499356877,15,15,Marketing,97.6142897467332,1,New York
18,88068.7384142549,13,0,Finance,67.77955791572887,4,Houston
23,40003.85883810996,19,5,Marketing,76.75253224511754,1,Phoenix
18,92928.89955093316,18,9,Marketing,104.99046908660415,5,Chicago
23,63976.444140374544,12,14,Marketing,85.21961977984776,2,Houston
47,36752.0470769377,13,5,Marketing,81.59650402074934,4,Phoenix
23,77601.18864163513,13,4,Marketing,109.07964552048018,1,Phoenix
66,90917.0983542095,12,-1,HR,66.04811482985234,3,New York
40,74651.22924465981,14,8,Finance,64.70683015487802,3,Los Angeles
37,86021.43580930057,11,18,HR,122.52302463599965,4,Houston
24,91129.83497879401,10,9,HR,121.92877391703975,3,Houston
43,102253.08271477529,15,7,IT,75.9354251322121,1,Houston
28,105223.00245572321,15,9,IT,75.75396614068575,1,Phoenix
36,81281.59594355249,11,7,IT,94.68846149793198,3,New York
65,86350.38148821356,16,3,Sales,64.75675254859595,3,Phoenix
33,52780.215904093144,12,12,IT,90.46909588100027,5,Phoenix
48,67040.06992431941,14,9,Finance,99.29725053733273,2,Chicago
26,69191.16322446389,16,8,HR,61.28868642143949,4,New York
34,113015.4434198032,13,3,Finance,81.38545303925304,1,Houston
56,82649.15921002584,15,14,IT,94.27517296104702,4,Los Angeles
27,77702.61605494372,12,11,Sales,136.09724286890653,5,Houston
56,83105.83783187505,13,5,Sales,118.52456120101793,1,Phoenix
43,78760.63566674899,13,13,HR,102.21212232588715,5,New York
28,101464.63276292021,11,5,Finance,27.259961606753535,5,New York
42,67239.41931903105,13,4,Marketing,103.13653917880211,3,New York
46,72062.13255645074,9,4,Finance,87.99917642440816,4,Chicago
42,61613.92544285268,12,0,IT,44.4963179385019,4,Houston
16,49515.73632627101,13,10,Marketing,104.6436485325126,3,Chicago
26,65951.64303515994,13,-1,Sales,113.40795676520293,4,Los Angeles
32,72058.87831487115,13,1,HR,84.45142382752329,3,Phoenix
34,66190.85974392589,13,-2,HR,70.30862204751979,1,Chicago
42,76782.85774769295,15,7,Sales,79.32394171156491,5,Chicago
37,65663.02493357498,16,7,IT,83.08777631352245,5,Phoenix
18,64285.92095639422,12,6,Sales,97.03118520649465,4,New York
39,42004.80050815327,10,2,IT,103.27500505468612,2,Phoenix
42,79583.0292325812,10,2,Marketing,80.27819500601088,5,Houston
41,72033.43514333775,12,10,Sales,123.35603305957142,3,Phoenix
47,53723.818875545,12,5,IT,79.67612000830736,2,New York
45,61143.93845521604,11,9,Marketing,64.69945869119186,2,Phoenix
40,63510.313722634324,10,3,Sales,76.3211145828248,5,Chicago
34,78567.58993157858,12,8,HR,82.45071282400947,5,Los Angeles
15,96404.19646679127,14,14,Sales,133.31123699739237,5,Chicago
40,51800.81574173497,15,10,Finance,102.440475078668,3,Los Angeles
37,73637.8508196361,12,5,Sales,80.24727317241847,2,Phoenix
38,61444.795212869874,12,9,Finance,61.07216127045118,4,Houston
19,82129.73105061437,11,6,Marketing,73.91271043660718,3,Phoenix
22,77594.21748039254,13,8,Sales,84.28873046450192,1,New York
47,55948.17496065395,11,6,Marketing,63.49569692789636,5,Phoenix
34,80701.34012208364,15,7,Marketing,94.98931561198677,2,Los Angeles
43,57406.8022149138,8,9,IT,69.98483627040828,3,Chicago
35,102334.39061187523,12,3,Marketing,97.69284197153029,1,Houston
35,82493.8172360414,14,2,Marketing,96.02813637855118,3,Phoenix
46,103300.68495114373,14,1,Sales,75.6580135798584,3,Phoenix
28,88561.14089977175,22,0,Sales,110.77357344215683,4,Chicago
36,66902.37048991128,15,1,HR,96.27737513414777,4,Houston
29,43961.14103241437,10,8,IT,101.7897448243857,3,Phoenix
29,49496.82167543065,13,3,Marketing,77.74135538790004,1,Phoenix
31,34543.97396912265,8,10,IT,73.97559574683477,2,Los Angeles
37,83243.3325854024,13,8,Finance,89.09474244009593,2,Los Angeles
29,80086.85719530615,11,-1,Marketing,97.47731176088311,5,New York
50,60944.461008461476,16,11,IT,75.28109265612783,5,Chicago
24,81704.84232600412,12,12,HR,78.30934923663793,2,Houston
32,69987.52807642869,13,3,HR,91.47242862041264,3,Phoenix
29,82697.77808413142,12,10,Marketing,116.73680998916961,3,Phoenix
52,107880.77316833028,19,3,Finance,99.70674901478804,4,New York
37,85013.31120059695,13,8,HR,85.25472487351877,4,Phoenix
47,87531.82761499884,19,1,HR,51.255571630959984,5,Chicago
17,63786.86136108278,16,0,Finance,83.8310690908738,2,New York
38,46556.34906427408,15,6,IT,105.70306303178758,3,Chicago
45,76591.36360632542,15,7,HR,92.43339495346504,2,New York
35,72464.70195797145,15,6,Sales,85.53963018137289,1,Phoenix
47,58914.51758710357,8,2,HR,88.24000021218542,2,New York
28,72352.23678384477,13,6,IT,93.66860292196282,1,Los Angeles
51,77546.77161018726,16,9,IT,96.4034689129582,4,Houston
62,75645.68104849197,13,7,Marketing,89.64710502953064,4,Phoenix
30,58788.70196077844,9,8,Sales,81.02270832071379,5,Houston
29,78595.72138393436,13,4,IT,85.67503994128373,2,Phoenix
52,90785.51844094931,19,13,Finance,93.01419983796575,2,Houston
53,68146.27859061788,17,2,Sales,89.57152254787445,1,Los Angeles
28,86825.8329257523,13,10,Sales,77.64586310601194,4,Houston
29,81615.00169965993,16,13,Finance,93.71682231124845,1,New York
31,80768.99034510298,12,10,HR,89.834591864619,4,Houston
18,67796.07286121983,8,6,Finance,94.78169606747227,1,Phoenix
23,73464.36588748309,11,5,Finance,61.12866125618772,4,Chicago
22,95923.8504379584,18,13,HR,111.01117885501672,1,Houston
25,72751.59230846302,13,0,HR,54.37548454778423,4,Houston
34,56549.06727864724,13,3,HR,104.59305886650853,1,Houston
37,75518.37329313085,13,6,HR,86.701611557428,2,Phoenix
53,69632.22381325804,19,14,HR,124.24749769148782,5,Houston
23,93374.08082899053,18,9,Finance,98.22271103243952,1,Phoenix
46,81887.97759138056,20,3,Marketing,46.775086537057625,5,Phoenix
32,74350.21093659294,13,6,Marketing,133.60480580951022,2,Chicago
34,77170.14526150111,14,4,IT,93.16913739111597,2,New York
43,48132.07911790179,9,4,Marketing,82.37552000062779,4,Phoenix
21,80624.28370587132,18,12,Marketing,80.67683878055111,5,Los Angeles
39,74535.67098226862,10,1,Finance,74.99836531081736,3,Houston
36,83894.34787855051,14,16,HR,111.28189119331401,4,Los Angeles
40,49963.71280951466,10,12,HR,100.14145330329285,5,Houston
38,90121.5049950683,12,13,Finance,78.61425054516457,1,Chicago
64,64591.71808813618,11,5,Marketing,134.30120330853836,1,Phoenix
27,78287.85872793032,12,7,Finance,103.51166904434919,2,New York
28,76996.36006703961,12,0,IT,59.055801677538184,3,Phoenix
27,57652.544043032955,12,5,HR,106.97962260214416,1,Houston
28,109800.88359933902,16,10,Sales,105.5301907786545,5,New York
27,49987.40459709719,10,14,IT,98.34462543701382,5,Phoenix
49,94917.1649790936,14,2,IT,94.13191931149011,1,New York
52,98463.75896708776,17,6,Finance,102.0184973434341,5,Houston
28,56210.23526233197,12,7,Marketing,84.97313461557795,5,Chicago
25,85387.64130465234,11,1,HR,87.2497980069688,2,Chicago
40,72219.05968782028,13,10,Sales,98.15015553966158,3,Phoenix
28,84474.72960302971,17,4,IT,86.82842232162764,2,Los Angeles
42,79241.65831768156,14,7,Sales,99.5613453268494,3,Houston
37,76677.44598688735,12,5,Marketing,76.30037752900441,5,Phoenix
16,95957.28748173283,15,4,Marketing,61.87118737483894,3,Phoenix
53,90891.00001116998,10,7,Sales,83.06277455318747,5,Chicago
56,54190.34267772696,16,6,HR,119.39921557246463,5,New York
27,96359.37047090796,15,6,Marketing,97.07593989256073,2,Houston
30,53153.56500160943,13,4,Sales,84.76420061833245,2,New York
38,84684.22071892497,11,9,IT,131.6964389102185,4,Houston
39,86260.27148728506,11,16,Sales,123.04468864249526,1,Los Angeles
42,62624.99557711285,15,8,Sales,70.28923004728644,4,Chicago
59,86101.53045976564,17,12,Finance,92.8076022260013,4,Los Angeles
32,60934.2589983541,12,1,Marketing,89.80312540380002,3,Phoenix
25,80820.28655705822,15,8,HR,95.92226865042934,5,Chicago
18,67418.75742125511,7,2,HR,85.34950149774764,5,Phoenix
26,90207.57278441673,12,0,Finance,121.88467684551426,5,Los Angeles
34,89997.60314111893,13,4,HR,78.46518239238104,1,Houston
56,97372.16898255501,11,13,Sales,102.06350384890605,3,Phoenix
28,68638.75388690176,11,12,Finance,60.77884104673166,3,New York
37,72120.99615729756,11,9,IT,124.56864982466067,5,Houston
34,51771.217747721326,14,0,Marketing,48.94673017407184,4,Houston
49,66643.60753256593,13,7,Marketing,87.79642072603292,1,Los Angeles
65,78371.57588997362,7,9,Marketing,110.99505885473461,4,Los Angeles
28,83343.30047198122,7,8,Sales,117.42888697066947,2,Chicago
29,51836.59869512539,12,-1,IT,93.63012367644262,3,Chicago
47,74631.650207203,15,3,Finance,58.82164438153853,3,New York
43,55074.81274850188,5,7,Finance,105.42240912506257,4,Houston
57,74144.64966491278,12,10,Marketing,91.8210266299502,1,New York
42,65622.86950109877,12,-2,IT,76.9675623037127,3,New York
30,93029.86098128687,18,7,IT,64.99074599106132,4,Los Angeles
42,69778.3763798749,12,8,IT,72.71189205172924,1,New York
48,73638.12625405988,15,12,HR,87.92385545833581,4,New York
44,88941.4112572343,14,11,HR,99.17877089258718,1,Phoenix
41,60796.19330261035,7,10,Marketing,114.63675323432106,5,Chicago
47,70369.79171436225,16,4,IT,57.53638516261172,1,Chicago
49,73829.12848011105,14,-1,IT,61.1193038784996,2,Houston
51,85484.88039655735,15,6,Finance,65.25753180311672,5,Chicago
42,92627.56387702338,25,13,Finance,74.01457349952496,4,Houston
32,71125.01262143314,7,14,Marketing,122.61250465810471,5,Phoenix
36,101668.81703383003,19,11,IT,82.35127854451194,5,Chicago
49,76682.40212421153,13,10,Marketing,70.23089678753207,4,Phoenix
25,80188.72141529038,14,9,Finance,74.4857552166447,4,Chicago
39,94332.33886343971,13,5,Finance,101.78197086362454,2,Chicago
30,64675.42146771788,12,7,HR,85.60778348026382,4,Phoenix
35,91941.3376474139,12,16,Marketing,129.82616074337523,3,New York
50,87105.58247548778,14,3,Marketing,84.83049191062467,3,New York
37,65243.58940311279,9,16,IT,77.06214713626171,2,New York
35,89465.08934409305,16,6,IT,100.18437080454248,1,New York
18,50491.52278518846,12,14,HR,84.47137086677917,1,Chicago
43,45691.25306808896,10,0,Sales,57.56777856774742,3,Los Angeles
42,54367.818474204076,12,10,Sales,97.22264470021464,4,Phoenix
60,86205.97189713827,17,4,Sales,50.15146912957643,2,Los Angeles
31,100503.33416281665,12,0,Marketing,113.47985411850361,1,Los Angeles
37,104816.97164979404,15,9,Marketing,83.48681293561458,1,Houston
37,85339.23601938142,11,13,Finance,86.17334025206263,5,New York
53,90160.13538864732,16,3,Marketing,71.5581303202222,3,Chicago
33,49707.20288100025,16,0,Marketing,94.13612163895297,4,New York
38,88855.21417410794,19,7,Marketing,92.55203136418274,2,New York
42,62450.32081328233,13,7,HR,117.34111991734751,1,Los Angeles
37,71279.0491149586,16,10,Marketing,81.5785261804993,5,Houston
29,78686.38894718478,14,12,IT,92.2415445128824,3,New York
37,86338.64702239238,17,7,IT,103.54065651871741,3,Phoenix
47,45715.7008245858,11,17,Finance,77.72568886635008,2,Phoenix
22,97349.20302523236,16,9,HR,103.1991452992255,1,New York
36,54900.74528645092,13,6,IT,96.33575180922634,2,Los Angeles
26,80023.50147185309,13,0,HR,101.94419278740857,2,Los Angeles
49,106449.93141539172,14,6,HR,132.8520319059943,5,Chicago
16,67729.88036645003,14,6,Finance,63.38014350609242,3,Houston
28,42030.51613635468,13,12,HR,107.07914489686557,4,Los Angeles
39,81876.08425439804,14,10,Marketing,106.83552347916414,3,Chicago
53,91722.68494053291,18,2,HR,78.77557114565357,3,Phoenix
34,108222.32100172731,16,8,Finance,111.29915777579626,5,Phoenix
28,70058.00080447395,16,11,Finance,113.38233346289826,4,Phoenix
57,74442.83911388525,12,15,Finance,77.8604796503246,1,New York
17,69048.59831276756,11,12,IT,83.01290337295801,4,Houston
8,86080.77718951172,16,11,Marketing,84.73610341247422,1,Chicago
40,121523.4509784232,16,8,IT,62.64935977830998,4,Houston
28,56348.121638290075,18,9,Sales,83.38504079519464,2,New York
22,77198.49653141742,12,14,Marketing,130.390007079925,4,Chicago
43,90308.80426377512,13,1,HR,94.14359685872968,5,Chicago
37,91981.88175036729,9,6,Finance,73.58760163349548,1,Los Angeles
28,76509.14918595189,12,4,Sales,76.25919286994659,3,Houston
19,81734.56964898773,16,9,Marketing,86.51201129938694,5,Houston
45,76817.2574589202,12,14,IT,138.02205766671233,1,Los Angeles
42,88141.51851422516,15,5,Finance,86.53053211065733,1,Phoenix
33,66294.56602415448,13,-3,IT,71.80157740301759,3,New York
57,89036.1732035433,14,5,Marketing,77.07554910960916,2,Houston
22,65939.58736423629,10,12,Marketing,102.82357284545101,5,Los Angeles
16,80472.530400785,14,10,Sales,102.23319614079392,3,Chicago
26,61301.59186829888,5,10,HR,136.90360432777376,3,Los Angeles
34,98421.68795220192,13,6,IT,86.89535482968802,2,Phoenix
37,65747.84815235151,9,1,Sales,84.89407154724563,5,New York
32,63445.85843483705,17,10,Finance,68.39409332806369,3,Phoenix
39,92152.04966410904,16,3,HR,125.95212447054786,2,Chicago
19,77505.35045266504,15,18,Sales,116.69694173806279,5,Chicago
52,76480.26127016611,18,10,IT,101.62504891116401,4,Chicago
34,68430.18556336573,11,5,Marketing,90.98989880462993,1,Chicago
48,109709.62883023579,19,4,Finance,120.57484784558231,2,Los Angeles
39,45847.27370603468,16,7,IT,97.65451293145814,1,Chicago
40,122884.34488660238,13,6,HR,69.02466434383126,4,Chicago
41,90293.4970464845,17,13,HR,98.91740648842747,3,Los Angeles
40,76790.51836550144,10,8,Marketing,108.36725032923583,3,Chicago
42,72145.4128839798,11,4,Marketing,90.01410047871184,5,Phoenix
50,77325.52533052364,12,17,Finance,87.67059178036232,2,Phoenix
37,85580.33428106825,12,8,Finance,75.58880631953441,2,Houston
43,79865.85009721681,10,11,Marketing,121.69814874362078,5,Phoenix
33,95368.2163514646,17,4,Marketing,49.635640613338765,1,New York
52,82155.29311322945,13,9,HR,89.83342406907197,3,New York
26,74293.78299791312,15,9,Marketing,107.2088090435252,3,New York
56,67553.84933323819,12,-1,Sales,56.92849726148009,2,Los Angeles
34,54463.57542094744,8,18,IT,145.52679476407783,2,Phoenix
17,95619.35544714525,14,14,Marketing,77.77431592956182,5,New York
36,77163.83727646638,8,6,Finance,76.18139474722454,4,Houston
26,25276.093487590602,13,2,Sales,45.86280166274104,1,Los Angeles
45,84940.41088808815,9,9,Finance,144.2622325953132,4,Houston
27,86809.365564018,19,8,Sales,88.44197505195785,4,Phoenix
29,71201.86819468404,16,9,Marketing,63.58427032862303,2,Chicago
12,79646.33770312835,14,8,IT,83.12360112211387,2,Houston
29,90996.615799866,17,10,Finance,91.74405545468085,2,Chicago
5,91033.79079875999,11,15,Sales,104.55910450547142,4,Los Angeles
15,72012.43258702513,15,10,HR,83.3284101592291,1,Houston
44,85703.55481296741,14,2,Marketing,100.56329878877747,2,Houston
44,60811.274240797895,14,14,IT,112.80797671893536,3,Los Angeles
40,65819.71400079393,17,16,Marketing,123.556531247778,1,Los Angeles
23,77841.66599967328,16,23,HR,108.26115483787315,3,New York
34,86006.84960336403,14,2,IT,51.58002163656544,1,Phoenix
34,87178.74404553871,9,9,HR,55.883746141038166,2,Houston
21,84350.6538611456,11,-2,Marketing,68.61398793831592,5,Houston
53,88341.69225732773,13,10,Sales,103.5982725027052,2,Los Angeles
45,83052.7999163188,14,5,Marketing,73.2874903148312,4,Los Angeles
32,65055.062895899595,10,17,Marketing,80.44194213038826,4,Phoenix
35,101020.40295092174,21,4,Marketing,65.48382344283193,1,Los Angeles
37,92926.3445624424,18,0,Finance,114.5340637475912,4,Chicago
10,89477.59090336238,15,5,HR,67.63053858233181,2,Chicago
32,99928.97526422315,14,-1,HR,68.0548388582868,3,Chicago
26,87197.46079352018,13,11,HR,98.47513773007068,2,Chicago
22,82701.63758535036,11,-2,Finance,54.892382016869185,1,Phoenix
31,92344.02009650444,14,8,Sales,74.15448184395467,4,Houston
56,72602.7046500236,14,-2,Marketing,67.6533995641912,3,Chicago
42,67739.89330963459,10,6,Sales,98.57417089354004,5,Los Angeles
28,69149.5201271111,15,16,Finance,114.4830312396054,3,Chicago
41,62327.26234089494,13,9,HR,76.04507929012986,3,Phoenix
